cntr_01,dist_x,pang_x,ra_01,dec_01,cntr,object,ra,dec,unc_ra,unc_dec,tile,flux_ap2_36,uncf_ap2_36,flux_kr_36,uncf_kr_36,stell_36,flgs_36,ext_fl_36,flux_ap2_45,uncf_ap2_45,flux_kr_45,uncf_kr_45,stell_45,flgs_45,ext_fl_45,flux_ap2_58,uncf_ap2_58,flux_kr_58,uncf_kr_58,stell_58,flgs_58,ext_fl_58,flux_ap2_80,uncf_ap2_80,flux_kr_80,uncf_kr_80,stell_80,flgs_80,ext_fl_80,flux_ap2_24,uncf_ap2_24,flux_kr_24,uncf_kr_24,stell_24,flgs_24,ext_fl_24,ap_m_u,msig_u,ap_m_g,msig_g,ap_m_r,msig_r,ap_m_i,msig_i,ap_m_z,msig_z
1,0.147536,12.568907,5.3319700000E+01,-2.6896300000E+01,227561,SWIRE3_J033316.73-265346.5,53.31971,-26.89626,9.40E-03,9.94E-03,24,138.68,1.73,159.39,1.67,0.48,CA3,1,115.05,1.68,127.00,1.94,0.90,CA0,0,147.20,5.87,127.58,6.05,0.16,CA0,0,115.06,5.27,93.59,6.08,0.57,CA0,0,452.42,22.08,600.32,25.61,0.56,CA0,0,null,null,null,null,null,null,null,null,null,null
1,7.681056,-79.195113,5.3319700000E+01,-2.6896300000E+01,227581,SWIRE3_J033316.16-265345.2,53.31735,-26.89590,1.89E-02,2.32E-02,24,26.97,0.85,35.09,1.14,0.16,CA3,0,21.27,1.00,27.79,1.37,0.60,CA0,0,null,null,null,null,null,null,null,null,null,null,null,null,null,null,null,null,null,null,null,null,null,null,null,null,null,null,null,null,null,null,null
1,8.927746,140.734369,5.3319700000E+01,-2.6896300000E+01,227462,SWIRE3_J033317.15-265353.5,53.32146,-26.89822,1.67E-02,2.98E-02,24,34.48,0.78,56.38,1.08,0.01,CA3,0,19.55,0.99,37.77,1.68,0.21,CA3,0,null,null,null,null,null,null,null,null,null,null,null,null,null,null,null,null,null,null,null,null,null,null,null,null,null,null,null,null,null,null,null
1,9.324575,-114.157774,5.3319700000E+01,-2.6896300000E+01,227506,SWIRE3_J033316.09-265350.4,53.31705,-26.89736,1.76E-02,2.00E-02,24,38.43,0.85,39.44,0.93,0.96,CA2,0,27.94,1.09,39.24,1.75,0.34,CA0,0,null,null,null,null,null,null,null,null,null,null,null,null,null,null,null,null,null,null,null,null,null,null,null,null,null,null,null,null,null,null,null
1,13.736728,153.337590,5.3319700000E+01,-2.6896300000E+01,227394,SWIRE3_J033317.18-265358.9,53.32162,-26.89971,2.37E-02,2.57E-02,24,19.37,0.61,16.94,0.56,0.86,CA3,0,14.61,0.94,13.35,1.07,0.60,CA3,0,null,null,null,null,null,null,null,null,null,null,null,null,null,null,null,null,null,null,null,null,null,null,null,null,null,null,null,null,null,null,null
1,14.611546,84.487058,5.3319700000E+01,-2.6896300000E+01,227580,SWIRE3_J033317.81-265345.2,53.32423,-26.89591,2.01E-02,2.43E-02,24,18.66,0.66,17.82,0.69,0.89,CA3,0,18.19,0.97,18.32,1.13,0.52,CA3,0,null,null,null,null,null,null,null,null,null,null,null,null,null,null,null,null,null,null,null,null,null,null,null,null,null,null,null,null,null,null,null
1,15.623733,76.407852,5.3319700000E+01,-2.6896300000E+01,227600,SWIRE3_J033317.86-265343.0,53.32443,-26.89528,2.33E-02,1.77E-02,24,20.73,0.69,19.39,0.70,0.66,CA3,0,28.07,1.07,28.40,1.25,0.65,CA3,0,null,null,null,null,null,null,null,null,null,null,null,null,null,null,475.30,22.37,481.12,24.96,0.57,CA0,0,null,null,null,null,null,null,null,null,null,null
1,16.876522,-105.719503,5.3319700000E+01,-2.6896300000E+01,227492,SWIRE3_J033315.51-265351.2,53.31464,-26.89757,2.49E-02,2.92E-02,24,13.35,0.61,12.89,0.67,0.31,CA3,0,15.10,0.94,19.94,1.41,0.34,CA0,0,null,null,null,null,null,null,null,null,null,null,null,null,null,null,null,null,null,null,null,null,null,null,null,null,null,null,null,null,null,null,null
1,20.391970,-97.303981,5.3319700000E+01,-2.6896300000E+01,227524,SWIRE3_J033315.21-265349.2,53.31340,-26.89702,1.32E-02,1.23E-02,24,71.69,1.10,66.61,1.00,0.97,CA2,0,49.86,1.26,46.14,1.31,0.88,CA0,0,49.16,4.94,39.10,4.56,0.44,CA0,0,null,null,null,null,null,null,null,null,null,null,null,null,null,null,null,null,null,null,null,null,null,null,null,null
1,23.986732,-175.240072,5.3319700000E+01,-2.6896300000E+01,227243,SWIRE3_J033316.57-265410.5,53.31908,-26.90294,1.03E-02,1.30E-02,24,71.29,0.85,60.13,0.68,0.96,CA3,0,60.97,1.37,68.66,1.63,0.22,CA3,0,62.17,4.11,52.01,4.26,0.06,CA2,0,null,null,null,null,null,null,null,435.44,22.05,295.31,19.19,0.29,CA0,0,null,null,null,null,null,null,null,null,null,null
1,24.236762,-168.617109,5.3319700000E+01,-2.6896300000E+01,227247,SWIRE3_J033316.37-265410.4,53.31821,-26.90290,1.05E-02,1.21E-02,24,95.88,1.01,97.10,0.91,0.95,CA3,0,68.80,1.39,65.82,1.35,0.96,CA3,0,61.17,4.10,56.67,4.72,0.03,CA2,0,76.22,5.17,87.85,7.64,0.06,CA0,0,null,null,null,null,null,null,null,null,null,null,null,null,null,null,null,null,null
1,25.024777,-136.353962,5.3319700000E+01,-2.6896300000E+01,227323,SWIRE3_J033315.43-265404.7,53.31432,-26.90133,2.76E-02,2.78E-02,24,16.25,0.53,14.60,0.51,0.10,CA0,0,13.93,0.93,13.92,1.13,0.03,CA0,0,null,null,null,null,null,null,null,null,null,null,null,null,null,null,null,null,null,null,null,null,null,null,null,null,null,null,null,null,null,null,null
1,25.230964,-68.665526,5.3319700000E+01,-2.6896300000E+01,227671,SWIRE3_J033314.97-265337.5,53.31238,-26.89375,1.05E-02,1.21E-02,24,112.01,1.52,119.55,1.44,0.61,CA0,0,74.42,1.44,77.91,1.46,0.58,CA0,0,85.87,5.35,69.03,5.37,0.63,CA0,0,null,null,null,null,null,null,null,493.18,22.25,438.36,24.67,0.53,CA0,0,null,null,null,null,null,null,null,null,null,null
1,28.466850,173.719739,5.3319700000E+01,-2.6896300000E+01,227182,SWIRE3_J033316.96-265414.9,53.32067,-26.90416,4.36E-02,4.36E-02,24,16.76,0.49,41.20,1.50,0.01,CA3,0,11.16,0.97,13.77,1.26,0.03,CA1,0,null,null,null,null,null,null,null,null,null,null,null,null,null,null,null,null,null,null,null,null,null,null,null,null,null,null,null,null,null,null,null
1,30.157989,164.692556,5.3319700000E+01,-2.6896300000E+01,227174,SWIRE3_J033317.32-265415.7,53.32218,-26.90438,2.58E-02,3.16E-02,24,16.12,0.48,16.16,0.58,0.07,CA2,0,17.06,0.99,18.00,1.30,0.04,CA0,0,null,null,null,null,null,null,null,null,null,null,null,null,null,null,null,null,null,null,null,null,null,null,null,null,null,null,null,null,null,null,null
1,30.555876,143.809594,5.3319700000E+01,-2.6896300000E+01,227233,SWIRE3_J033318.07-265411.3,53.32532,-26.90315,1.94E-02,2.00E-02,24,29.61,0.58,26.72,0.55,0.86,CA0,0,27.28,0.95,24.97,1.07,0.91,CA0,0,null,null,null,null,null,null,null,null,null,null,null,null,null,null,null,null,null,null,null,null,null,null,null,null,null,null,null,null,null,null,null
1,33.771164,-115.173914,5.3319700000E+01,-2.6896300000E+01,227373,SWIRE3_J033314.44-265401.0,53.31018,-26.90029,1.70E-02,1.66E-02,24,46.34,0.79,41.03,0.70,0.89,CA0,0,30.38,1.14,29.58,1.16,0.49,CA0,0,null,null,null,null,null,null,null,null,null,null,null,null,null,null,null,null,null,null,null,null,null,null,null,null,null,null,null,null,null,null,null
1,34.494380,-77.770964,5.3319700000E+01,-2.6896300000E+01,227642,SWIRE3_J033314.20-265339.3,53.30920,-26.89427,1.33E-02,1.33E-02,24,43.00,1.00,38.61,0.94,0.75,CA0,0,53.77,1.28,49.19,1.20,0.77,CA0,0,88.19,5.71,106.26,8.36,0.01,CA0,0,56.45,5.21,36.54,4.53,0.42,CA0,0,448.64,22.13,408.38,24.16,0.55,CA0,0,null,null,null,null,null,null,null,null,null,null
1,35.096083,100.164317,5.3319700000E+01,-2.6896300000E+01,227470,SWIRE3_J033319.31-265352.8,53.33046,-26.89802,2.19E-02,2.40E-02,24,37.74,0.80,48.02,1.00,0.49,CA0,0,27.20,0.87,37.69,1.33,0.48,CA0,0,null,null,null,null,null,null,null,null,null,null,null,null,null,null,null,null,null,null,null,null,null,null,null,null,null,null,null,null,null,null,null
1,35.803130,-90.981954,5.3319700000E+01,-2.6896300000E+01,227549,SWIRE3_J033314.05-265347.2,53.30855,-26.89647,2.37E-02,2.58E-02,24,19.93,0.70,21.90,0.78,0.13,CA0,0,21.08,1.01,23.16,1.31,0.57,CA2,0,null,null,null,null,null,null,null,null,null,null,null,null,null,null,null,null,null,null,null,null,null,null,null,null,null,null,null,null,null,null,null
1,39.598055,86.458429,5.3319700000E+01,-2.6896300000E+01,227587,SWIRE3_J033319.68-265344.2,53.33201,-26.89562,2.93E-02,4.07E-02,24,11.59,0.51,12.72,0.68,0.47,CA0,0,8.71,0.67,8.78,0.87,0.08,CA0,0,null,null,null,null,null,null,null,null,null,null,null,null,null,null,null,null,null,null,null,null,null,null,null,null,null,null,null,null,null,null,null
1,41.611783,-156.252060,5.3319700000E+01,-2.6896300000E+01,227066,SWIRE3_J033315.47-265424.7,53.31448,-26.90688,4.86E-03,5.40E-03,24,536.69,2.63,491.49,2.12,0.98,CA0,-1,356.67,2.73,319.56,2.23,0.98,CA0,0,234.92,4.73,203.19,4.54,0.81,CA0,0,145.21,5.39,113.78,5.55,0.66,CA0,0,null,null,null,null,null,null,null,null,null,null,null,null,null,null,null,null,null
1,43.433191,128.075866,5.3319700000E+01,-2.6896300000E+01,227199,SWIRE3_J033319.28-265413.4,53.33035,-26.90374,2.11E-02,1.97E-02,24,28.90,0.54,27.08,0.54,0.81,CA3,0,25.01,0.79,27.76,1.06,0.88,CA0,0,null,null,null,null,null,null,null,35.44,3.90,20.90,2.50,0.36,CA0,0,null,null,null,null,null,null,null,null,null,null,null,null,null,null,null,null,null
1,44.063264,-103.949591,5.3319700000E+01,-2.6896300000E+01,227420,SWIRE3_J033313.53-265357.2,53.30638,-26.89925,2.55E-02,2.96E-02,24,17.51,0.62,19.24,0.83,0.83,CA3,0,10.63,0.94,11.32,1.15,0.50,CA0,0,null,null,null,null,null,null,null,null,null,null,null,null,null,null,null,null,null,null,null,null,null,null,null,null,null,null,null,null,null,null,null
1,44.829387,160.114068,5.3319700000E+01,-2.6896300000E+01,227009,SWIRE3_J033317.86-265428.8,53.32445,-26.90801,2.52E-02,2.39E-02,24,17.10,0.56,27.25,0.91,0.00,CA3,0,16.78,0.88,28.81,1.42,0.05,CA0,0,null,null,null,null,null,null,null,39.10,4.65,27.45,3.82,0.19,CA0,0,null,null,null,null,null,null,null,null,null,null,null,null,null,null,null,null,null
1,45.062077,165.898437,5.3319700000E+01,-2.6896300000E+01,226997,SWIRE3_J033317.54-265430.3,53.32312,-26.90844,3.02E-02,2.26E-02,24,24.73,0.69,29.68,0.81,0.01,CA3,0,19.04,0.98,28.48,1.57,0.03,CA3,0,null,null,null,null,null,null,null,null,null,null,null,null,null,null,null,null,null,null,null,null,null,null,null,null,null,null,null,null,null,null,null
1,45.644914,169.832345,5.3319700000E+01,-2.6896300000E+01,226977,SWIRE3_J033317.33-265431.6,53.32221,-26.90878,2.42E-02,1.97E-02,24,23.97,0.73,24.52,0.81,0.46,CA3,0,13.04,0.92,16.42,1.19,0.60,CA3,0,-99.00,-99.00,-99.00,-99.00,-9.00,null,-99,null,null,null,null,null,null,null,null,null,null,null,null,null,null,null,null,null,null,null,null,null,null,null,null
1,48.863854,128.451078,5.3319700000E+01,-2.6896300000E+01,227160,SWIRE3_J033319.58-265417.0,53.33162,-26.90474,2.87E-02,2.45E-02,24,21.68,0.46,22.73,0.55,0.02,CA2,0,23.21,0.76,21.05,0.79,0.15,CA0,0,null,null,null,null,null,null,null,null,null,null,null,null,null,null,null,null,null,null,null,null,null,null,null,null,null,null,null,null,null,null,null
1,49.042944,-102.036105,5.3319700000E+01,-2.6896300000E+01,227426,SWIRE3_J033313.14-265356.9,53.30476,-26.89914,1.62E-02,1.79E-02,24,79.79,1.08,118.73,1.32,0.03,CA3,2,58.18,1.33,94.04,2.37,0.04,CA2,0,47.99,4.50,42.02,4.08,0.05,CA0,0,null,null,null,null,null,null,null,484.60,20.12,419.63,24.37,0.00,CA0,0,null,null,null,null,null,null,null,null,null,null
1,53.240152,-98.284630,5.3319700000E+01,-2.6896300000E+01,227454,SWIRE3_J033312.78-265354.3,53.30329,-26.89843,2.56E-02,2.64E-02,24,21.92,0.68,39.47,1.11,0.11,CA3,0,21.20,1.00,30.91,1.44,0.72,CA3,0,null,null,null,null,null,null,null,null,null,null,null,null,null,null,null,null,null,null,null,null,null,null,null,null,null,null,null,null,null,null,null
1,54.461602,173.467853,5.3319700000E+01,-2.6896300000E+01,226858,SWIRE3_J033317.19-265440.7,53.32163,-26.91133,2.29E-02,2.01E-02,24,26.14,0.84,27.34,0.91,0.79,CA0,0,19.38,0.98,16.99,0.99,0.68,CA0,0,null,null,null,null,null,null,null,null,null,null,null,null,null,null,null,null,null,null,null,null,null,null,null,null,null,null,null,null,null,null,null
1,56.629212,-117.120431,5.3319700000E+01,-2.6896300000E+01,227216,SWIRE3_J033312.96-265412.4,53.30400,-26.90347,3.58E-02,3.02E-02,24,12.63,0.49,14.18,0.55,0.07,CA0,0,10.54,0.92,10.58,1.07,0.64,CA0,0,null,null,null,null,null,null,null,null,null,null,null,null,null,null,null,null,null,null,null,null,null,null,null,null,null,null,null,null,null,null,null
1,60.811568,123.367927,5.3319700000E+01,-2.6896300000E+01,227112,SWIRE3_J033320.52-265420.1,53.33552,-26.90559,2.10E-02,2.49E-02,24,32.43,0.51,34.34,0.55,0.78,CA0,0,28.09,0.76,30.29,0.96,0.49,CA2,0,null,null,null,null,null,null,null,null,null,null,null,null,null,null,null,null,null,null,null,null,null,null,null,null,null,null,null,null,null,null,null
1,65.658029,-143.868643,5.3319700000E+01,-2.6896300000E+01,226873,SWIRE3_J033313.83-265439.7,53.30764,-26.91103,1.27E-02,1.27E-02,24,71.54,1.23,64.14,1.09,0.98,CA0,0,52.29,1.28,46.15,1.20,0.95,CA0,0,null,null,null,null,null,null,null,null,null,null,null,null,null,null,null,null,null,null,null,null,null,null,null,null,null,null,null,null,null,null,null
1,70.376696,113.392171,5.3319700000E+01,-2.6896300000E+01,227185,SWIRE3_J033321.55-265414.6,53.33982,-26.90406,4.36E-02,4.32E-02,24,6.96,0.35,6.92,0.44,0.63,CA0,0,7.78,0.62,6.84,0.69,0.19,CA0,0,null,null,null,null,null,null,null,null,null,null,null,null,null,null,null,null,null,null,null,null,null,null,null,null,null,null,null,null,null,null,null
1,70.662935,-122.033243,5.3319700000E+01,-2.6896300000E+01,227073,SWIRE3_J033312.24-265424.1,53.30104,-26.90671,1.95E-02,2.43E-02,24,22.94,0.71,21.81,0.76,0.84,CA0,0,13.37,0.94,15.87,1.16,0.49,CA0,0,null,null,null,null,null,null,null,null,null,null,null,null,null,null,null,null,null,null,null,null,null,null,null,null,null,null,null,null,null,null,null
1,71.644984,-110.598156,5.3319700000E+01,-2.6896300000E+01,227228,SWIRE3_J033311.71-265411.8,53.29881,-26.90330,1.41E-02,1.84E-02,24,54.46,0.78,59.53,0.85,0.47,CA0,0,38.94,1.17,39.33,1.37,0.30,CA0,0,31.74,3.40,26.53,2.85,0.45,CA0,0,null,null,null,null,null,null,null,null,null,null,null,null,null,null,null,null,null,null,null,null,null,null,null,null
1,71.821199,-149.278186,5.3319700000E+01,-2.6896300000E+01,226760,SWIRE3_J033313.98-265448.4,53.30827,-26.91345,2.56E-02,2.68E-02,24,17.10,0.74,17.02,0.87,0.44,CA0,0,13.74,0.93,12.63,1.10,0.13,CA0,0,null,null,null,null,null,null,null,null,null,null,null,null,null,null,null,null,null,null,null,null,null,null,null,null,null,null,null,null,null,null,null
2,0.263189,46.849339,5.3483700000E+01,-2.7259400000E+01,210118,SWIRE3_J033356.10-271533.6,53.48376,-27.25935,1.04E-02,1.06E-02,24,146.12,1.77,176.91,1.71,0.03,CA0,2,96.03,1.61,119.22,1.88,0.05,CA0,0,89.24,5.52,93.43,7.09,0.00,CA0,0,null,null,null,null,null,null,null,536.09,21.21,544.46,25.25,0.33,CA0,0,null,null,null,null,null,null,null,null,null,null
2,7.290437,162.369614,5.3483700000E+01,-2.7259400000E+01,210032,SWIRE3_J033356.25-271540.7,53.48439,-27.26133,2.31E-02,2.40E-02,24,30.88,0.91,43.51,1.41,0.12,CA0,0,36.06,1.15,40.22,1.70,0.53,CA0,0,null,null,null,null,null,null,null,null,null,null,null,null,null,null,null,null,null,null,null,null,null,null,null,null,null,null,null,null,null,null,null
2,9.896910,-9.680124,5.3483700000E+01,-2.7259400000E+01,210246,SWIRE3_J033355.96-271524.0,53.48318,-27.25669,2.82E-02,3.01E-02,24,15.06,0.72,18.88,1.00,0.27,CA1,0,12.06,0.94,16.26,1.47,0.00,CA0,0,null,null,null,null,null,null,null,null,null,null,null,null,null,null,null,null,null,null,null,null,null,null,null,null,null,null,null,null,null,null,null
2,11.579037,-36.064735,5.3483700000E+01,-2.7259400000E+01,210238,SWIRE3_J033355.57-271524.4,53.48157,-27.25680,2.44E-02,3.39E-02,24,12.60,0.69,16.27,1.03,0.03,CA3,0,10.46,0.91,10.92,1.07,0.58,CA0,0,null,null,null,null,null,null,null,null,null,null,null,null,null,null,null,null,null,null,null,null,null,null,null,null,null,null,null,null,null,null,null
2,22.823927,-3.215295,5.3483700000E+01,-2.7259400000E+01,210436,SWIRE3_J033355.99-271511.0,53.48330,-27.25307,2.85E-02,2.64E-02,24,14.41,0.70,14.33,0.80,0.03,CA0,0,14.69,0.95,12.72,1.11,0.22,CA0,0,null,null,null,null,null,null,null,null,null,null,null,null,null,null,null,null,null,null,null,null,null,null,null,null,null,null,null,null,null,null,null
2,23.125668,-107.018965,5.3483700000E+01,-2.7259400000E+01,210037,SWIRE3_J033354.42-271540.6,53.47679,-27.26128,2.42E-02,2.82E-02,24,16.50,0.72,14.52,0.63,0.91,CA0,0,10.77,0.90,9.76,1.00,0.56,CA0,0,null,null,null,null,null,null,null,null,null,null,null,null,null,null,null,null,null,null,null,null,null,null,null,null,null,null,null,null,null,null,null
2,25.659379,-14.518886,5.3483700000E+01,-2.7259400000E+01,210467,SWIRE3_J033355.60-271509.0,53.48169,-27.25250,2.20E-02,2.35E-02,24,21.23,0.79,18.66,0.80,0.90,CA0,0,13.11,0.93,10.91,0.90,0.64,CA0,0,null,null,null,null,null,null,null,null,null,null,null,null,null,null,null,null,null,null,null,null,null,null,null,null,null,null,null,null,null,null,null
2,27.313942,131.527332,5.3483700000E+01,-2.7259400000E+01,209850,SWIRE3_J033357.62-271551.9,53.49009,-27.26443,1.28E-02,1.40E-02,24,80.64,1.36,103.58,1.46,0.03,CA0,2,84.31,1.44,106.19,1.75,0.02,CA0,0,63.63,5.40,75.91,5.70,0.47,CA0,0,null,null,null,null,null,null,null,null,null,null,null,null,null,null,null,null,null,null,null,null,null,null,null,null
2,27.858563,-125.014149,5.3483700000E+01,-2.7259400000E+01,209887,SWIRE3_J033354.37-271549.8,53.47657,-27.26384,3.16E-02,3.18E-02,24,12.29,0.69,10.70,0.84,0.03,CA0,0,12.30,0.82,11.12,1.11,0.01,CA0,0,null,null,null,null,null,null,null,null,null,null,null,null,null,null,null,null,null,null,null,null,null,null,null,null,null,null,null,null,null,null,null
2,31.676182,19.968355,5.3483700000E+01,-2.7259400000E+01,210522,SWIRE3_J033356.89-271504.0,53.48708,-27.25113,1.81E-02,2.06E-02,24,31.13,0.90,27.75,0.87,0.52,CA0,0,28.18,1.08,25.97,1.25,0.35,CA0,0,null,null,null,null,null,null,null,null,null,null,null,null,null,null,null,null,null,null,null,null,null,null,null,null,null,null,null,null,null,null,null
2,37.541008,175.796218,5.3483700000E+01,-2.7259400000E+01,209540,SWIRE3_J033356.29-271611.2,53.48456,-27.26980,2.78E-03,2.44E-03,24,5048.34,9.65,4925.27,7.81,0.99,CA2,-1,3040.12,5.48,3001.44,4.46,1.00,CA2,-1,1908.62,14.72,1835.46,12.05,0.19,CA0,1,1111.41,5.72,1059.24,6.08,0.91,CA0,-1,null,null,null,null,null,null,null,null,null,null,null,null,null,null,null,null,null
2,37.914583,-103.510434,5.3483700000E+01,-2.7259400000E+01,210007,SWIRE3_J033353.32-271542.6,53.47218,-27.26186,3.04E-02,2.88E-02,24,19.22,0.76,20.25,0.78,0.02,CA3,0,9.83,0.74,9.90,0.87,0.19,CA0,0,null,null,null,null,null,null,null,null,null,null,null,null,null,null,null,null,null,null,null,null,null,null,null,null,null,null,null,null,null,null,null
2,38.603147,-131.392736,5.3483700000E+01,-2.7259400000E+01,209742,SWIRE3_J033353.91-271559.3,53.47465,-27.26649,1.21E-02,1.22E-02,24,115.25,1.57,125.56,1.50,0.43,CA0,1,70.48,1.01,79.21,1.30,0.35,CA0,0,57.51,5.61,53.00,5.04,0.51,CA0,0,null,null,null,null,null,null,null,null,null,null,null,null,null,null,null,null,null,null,null,null,null,null,null,null
2,39.448917,98.557247,5.3483700000E+01,-2.7259400000E+01,210045,SWIRE3_J033359.01-271539.7,53.49589,-27.26103,1.45E-02,1.96E-02,24,48.86,1.07,52.39,1.03,0.40,CA0,0,35.43,1.18,34.44,1.13,0.52,CA0,0,null,null,null,null,null,null,null,null,null,null,null,null,null,null,null,null,null,null,null,null,null,null,null,null,null,null,null,null,null,null,null
2,39.560764,-31.399034,5.3483700000E+01,-2.7259400000E+01,210584,SWIRE3_J033354.54-271500.0,53.47726,-27.25002,2.13E-02,2.90E-02,24,16.54,0.72,16.67,0.75,0.86,CA0,0,19.88,1.00,21.92,1.31,0.13,CA0,0,null,null,null,null,null,null,null,null,null,null,null,null,null,null,null,null,null,null,null,null,null,null,null,null,null,null,null,null,null,null,null
2,41.590876,-3.617829,5.3483700000E+01,-2.7259400000E+01,210681,SWIRE3_J033355.89-271452.3,53.48288,-27.24787,2.61E-02,2.18E-02,24,21.78,0.79,20.37,0.82,0.37,CA0,0,12.02,0.91,8.96,0.91,0.36,CA0,0,null,null,null,null,null,null,null,null,null,null,null,null,null,null,null,null,null,null,null,null,null,null,null,null,null,null,null,null,null,null,null
2,41.821609,-67.693095,5.3483700000E+01,-2.7259400000E+01,210339,SWIRE3_J033353.18-271517.9,53.47161,-27.25499,1.95E-02,1.98E-02,24,29.76,0.78,25.67,0.69,0.96,CA0,0,27.52,0.82,29.51,1.05,0.83,CA0,0,null,null,null,null,null,null,null,null,null,null,null,null,null,null,null,null,null,null,null,null,null,null,null,null,null,null,null,null,null,null,null
2,42.720231,-102.758145,5.3483700000E+01,-2.7259400000E+01,209993,SWIRE3_J033352.96-271543.2,53.47068,-27.26202,1.41E-02,1.38E-02,24,45.34,0.92,42.50,0.87,0.97,CA3,0,45.17,0.91,43.02,1.06,0.95,CA3,0,null,null,null,null,null,null,null,161.85,4.13,133.49,4.79,0.57,CA0,0,656.16,21.32,427.21,19.60,0.65,CA0,0,null,null,null,null,null,null,null,null,null,null
2,42.857430,-25.334622,5.3483700000E+01,-2.7259400000E+01,210649,SWIRE3_J033354.71-271455.1,53.47797,-27.24864,2.32E-02,2.25E-02,24,18.16,0.75,15.81,0.65,0.80,CA0,0,15.96,0.95,13.86,1.06,0.66,CA0,0,null,null,null,null,null,null,null,null,null,null,null,null,null,null,-99.00,-99.00,-99.00,-99.00,-9.00,null,-99,null,null,null,null,null,null,null,null,null,null
2,43.366448,-89.242069,5.3483700000E+01,-2.7259400000E+01,210124,SWIRE3_J033352.83-271533.2,53.47015,-27.25924,2.45E-02,3.14E-02,24,19.11,0.68,19.03,0.80,0.71,CA0,0,15.46,0.71,18.73,1.11,0.63,CA0,0,null,null,null,null,null,null,null,null,null,null,null,null,null,null,null,null,null,null,null,null,null,null,null,null,null,null,null,null,null,null,null
2,44.160561,-96.885743,5.3483700000E+01,-2.7259400000E+01,210054,SWIRE3_J033352.79-271539.1,53.47000,-27.26087,2.08E-02,2.45E-02,24,30.50,0.80,30.92,0.81,0.83,CA3,0,19.47,0.74,21.67,1.00,0.65,CA3,0,null,null,null,null,null,null,null,null,null,null,null,null,null,null,null,null,null,null,null,null,null,null,null,null,null,null,null,null,null,null,null
2,44.754075,112.615740,5.3483700000E+01,-2.7259400000E+01,209866,SWIRE3_J033359.18-271551.0,53.49661,-27.26418,2.31E-02,2.21E-02,24,23.64,0.81,22.10,0.74,0.83,CA0,0,17.31,0.96,16.51,1.05,0.71,CA0,0,null,null,null,null,null,null,null,null,null,null,null,null,null,null,null,null,null,null,null,null,null,null,null,null,null,null,null,null,null,null,null
2,44.809293,159.649065,5.3483700000E+01,-2.7259400000E+01,209479,SWIRE3_J033357.25-271615.8,53.48857,-27.27107,1.75E-02,1.67E-02,24,71.71,1.26,84.76,1.42,0.79,CA3,0,43.96,0.86,48.69,1.29,0.73,CA2,0,null,null,null,null,null,null,null,null,null,null,null,null,null,null,null,null,null,null,null,null,null,null,null,null,null,null,null,null,null,null,null
2,45.456216,40.372245,5.3483700000E+01,-2.7259400000E+01,210592,SWIRE3_J033358.29-271459.2,53.49290,-27.24978,3.82E-03,3.48E-03,24,1218.34,4.72,1128.32,3.78,0.98,CA0,-1,712.35,3.95,659.76,3.17,0.99,CA0,-1,454.20,8.37,440.24,8.24,0.53,CA0,0,298.04,5.89,250.27,5.96,0.94,CA0,0,null,null,null,null,null,null,null,null,null,null,null,null,null,null,null,null,null
2,46.627728,143.341125,5.3483700000E+01,-2.7259400000E+01,209538,SWIRE3_J033358.17-271611.2,53.49240,-27.26979,2.33E-02,2.58E-02,24,22.89,0.80,20.04,0.79,0.40,CA0,0,14.84,0.67,13.64,0.67,0.60,CA0,0,null,null,null,null,null,null,null,null,null,null,null,null,null,null,null,null,null,null,null,null,null,null,null,null,null,null,null,null,null,null,null
2,47.176216,-76.769265,5.3483700000E+01,-2.7259400000E+01,210260,SWIRE3_J033352.64-271523.0,53.46935,-27.25640,1.81E-02,1.81E-02,24,35.30,0.83,30.54,0.77,0.97,CA0,0,33.68,0.84,30.97,0.92,0.91,CA0,0,null,null,null,null,null,null,null,null,null,null,null,null,null,null,null,null,null,null,null,null,null,null,null,null,null,null,null,null,null,null,null
2,47.776988,55.957330,5.3483700000E+01,-2.7259400000E+01,210483,SWIRE3_J033359.05-271507.0,53.49607,-27.25197,1.59E-02,1.66E-02,24,40.92,0.98,37.25,0.92,0.98,CA0,0,29.21,1.07,28.62,1.20,0.83,CA0,0,null,null,null,null,null,null,null,null,null,null,null,null,null,null,null,null,null,null,null,null,null,null,null,null,null,null,null,null,null,null,null
2,49.040061,-120.533250,5.3483700000E+01,-2.7259400000E+01,209749,SWIRE3_J033352.92-271558.7,53.47050,-27.26632,1.88E-02,2.15E-02,24,38.71,0.92,40.08,0.93,0.59,CA3,0,30.60,0.63,37.55,0.77,0.02,CA3,0,null,null,null,null,null,null,null,null,null,null,null,null,null,null,null,null,null,null,null,null,null,null,null,null,null,null,null,null,null,null,null
2,49.969743,-170.750900,5.3483700000E+01,-2.7259400000E+01,209369,SWIRE3_J033355.48-271623.1,53.48119,-27.27310,1.85E-02,1.99E-02,24,53.11,1.11,69.68,1.37,0.73,CA0,0,32.88,0.92,48.67,1.58,0.09,CA0,0,null,null,null,null,null,null,null,null,null,null,null,null,null,null,null,null,null,null,null,null,null,null,null,null,null,null,null,null,null,null,null
2,50.108584,129.804258,5.3483700000E+01,-2.7259400000E+01,209631,SWIRE3_J033358.97-271605.9,53.49573,-27.26831,2.98E-02,3.30E-02,24,11.73,0.72,10.43,0.77,0.16,CA0,0,15.89,0.67,14.80,0.72,0.08,CA0,0,null,null,null,null,null,null,null,null,null,null,null,null,null,null,null,null,null,null,null,null,null,null,null,null,null,null,null,null,null,null,null
2,50.564793,-48.758273,5.3483700000E+01,-2.7259400000E+01,210577,SWIRE3_J033353.23-271500.5,53.47182,-27.25014,1.41E-02,1.29E-02,24,84.20,1.22,89.02,1.17,0.19,CA0,0,50.81,0.96,49.89,1.03,0.23,CA0,0,42.93,4.42,28.63,3.71,0.06,CA0,0,null,null,null,null,null,null,null,null,null,null,null,null,null,null,null,null,null,null,null,null,null,null,null,null
2,51.238905,-121.518531,5.3483700000E+01,-2.7259400000E+01,209718,SWIRE3_J033352.81-271600.6,53.47005,-27.26684,1.66E-02,2.37E-02,24,49.80,0.98,58.13,1.12,0.03,CA3,0,30.47,0.60,28.28,0.59,0.56,CA3,0,null,null,null,null,null,null,null,null,null,null,null,null,null,null,null,null,null,null,null,null,null,null,null,null,null,null,null,null,null,null,null
2,51.650352,76.911139,5.3483700000E+01,-2.7259400000E+01,210269,SWIRE3_J033359.86-271522.1,53.49942,-27.25615,2.10E-02,1.78E-02,24,28.53,0.86,27.03,0.84,0.78,CA0,0,25.94,1.05,21.41,0.91,0.19,CA0,0,null,null,null,null,null,null,null,null,null,null,null,null,null,null,null,null,null,null,null,null,null,null,null,null,null,null,null,null,null,null,null
2,54.559009,-165.462546,5.3483700000E+01,-2.7259400000E+01,209324,SWIRE3_J033355.06-271626.6,53.47942,-27.27407,1.97E-02,2.24E-02,24,32.01,0.91,33.88,0.93,0.07,CA0,0,21.87,0.82,20.49,0.96,0.20,CA0,0,null,null,null,null,null,null,null,null,null,null,null,null,null,null,null,null,null,null,null,null,null,null,null,null,null,null,null,null,null,null,null
2,55.273780,-129.231630,5.3483700000E+01,-2.7259400000E+01,209598,SWIRE3_J033352.87-271608.7,53.47032,-27.26911,2.58E-02,2.69E-02,24,15.95,0.64,13.12,0.55,0.91,CA0,0,11.32,0.52,8.69,0.40,0.51,CA0,0,null,null,null,null,null,null,null,null,null,null,null,null,null,null,null,null,null,null,null,null,null,null,null,null,null,null,null,null,null,null,null
2,56.651455,-81.120966,5.3483700000E+01,-2.7259400000E+01,210233,SWIRE3_J033351.89-271525.0,53.46621,-27.25697,1.32E-02,1.29E-02,24,86.50,1.01,85.62,0.94,0.95,CA3,0,61.76,0.98,67.53,1.24,0.69,CA2,0,38.10,3.75,22.30,2.74,0.47,CA0,0,33.95,3.78,29.47,3.59,0.35,CA0,0,null,null,null,null,null,null,null,null,null,null,null,null,null,null,null,null,null
2,57.732757,46.202065,5.3483700000E+01,-2.7259400000E+01,210665,SWIRE3_J033359.21-271453.8,53.49672,-27.24830,3.09E-02,2.64E-02,24,13.11,0.71,18.61,1.02,0.04,CA0,0,11.55,0.97,12.46,1.18,0.45,CA0,0,null,null,null,null,null,null,null,null,null,null,null,null,null,null,null,null,null,null,null,null,null,null,null,null,null,null,null,null,null,null,null
2,58.262782,131.437393,5.3483700000E+01,-2.7259400000E+01,209526,SWIRE3_J033359.36-271612.3,53.49735,-27.27011,2.44E-02,1.68E-02,24,43.44,1.02,46.53,1.11,0.90,CA0,0,25.48,0.74,27.09,0.99,0.60,CA0,0,null,null,null,null,null,null,null,null,null,null,null,null,null,null,null,null,null,null,null,null,null,null,null,null,null,null,null,null,null,null,null
2,59.112078,0.093070,5.3483700000E+01,-2.7259400000E+01,210921,SWIRE3_J033356.09-271434.7,53.48373,-27.24298,1.68E-02,1.49E-02,24,54.97,1.12,53.41,1.03,0.74,CA0,0,33.32,1.12,37.80,1.40,0.58,CA0,0,54.48,5.56,51.29,6.04,0.19,CA0,0,null,null,null,null,null,null,null,null,null,null,null,null,null,null,null,null,null,null,null,null,null,null,null,null
2,59.661898,-43.960336,5.3483700000E+01,-2.7259400000E+01,210710,SWIRE3_J033352.98-271450.8,53.47076,-27.24747,1.68E-02,1.87E-02,24,48.28,0.94,48.31,0.92,0.43,CA0,0,33.99,0.87,33.34,0.88,0.50,CA0,0,null,null,null,null,null,null,null,null,null,null,null,null,null,null,null,null,null,null,null,null,null,null,null,null,null,null,null,null,null,null,null
2,61.285931,-84.746633,5.3483700000E+01,-2.7259400000E+01,210195,SWIRE3_J033351.51-271528.2,53.46463,-27.25784,2.87E-02,3.01E-02,24,16.24,0.52,16.66,0.61,0.82,CA1,0,11.14,0.70,10.75,0.85,0.41,CA0,0,null,null,null,null,null,null,null,null,null,null,null,null,null,null,null,null,null,null,null,null,null,null,null,null,null,null,null,null,null,null,null
2,61.330742,161.758081,5.3483700000E+01,-2.7259400000E+01,209237,SWIRE3_J033357.52-271632.0,53.48970,-27.27558,2.73E-02,2.92E-02,24,12.59,0.67,15.92,0.88,0.59,CA3,0,13.26,0.76,12.58,0.87,0.51,CA0,0,null,null,null,null,null,null,null,null,null,null,null,null,null,null,null,null,null,null,null,null,null,null,null,null,null,null,null,null,null,null,null
2,61.931296,96.714117,5.3483700000E+01,-2.7259400000E+01,210025,SWIRE3_J033400.70-271541.0,53.50292,-27.26141,6.66E-03,7.02E-03,24,136.13,1.64,122.53,1.37,0.98,CA0,0,208.99,2.22,189.76,1.90,0.98,CA0,0,299.20,6.94,280.36,6.22,0.82,CA0,0,411.38,6.27,391.07,7.16,0.86,CA0,0,1203.09,21.52,1117.88,29.29,0.89,CA0,0,null,null,null,null,null,null,null,null,null,null
2,63.038774,36.371293,5.3483700000E+01,-2.7259400000E+01,210820,SWIRE3_J033358.89-271443.0,53.49538,-27.24530,2.04E-02,2.16E-02,24,21.16,0.79,22.00,0.89,0.84,CA2,0,22.62,1.02,19.43,1.12,0.85,CA0,0,null,null,null,null,null,null,null,null,null,null,null,null,null,null,null,null,null,null,null,null,null,null,null,null,null,null,null,null,null,null,null
2,63.671220,-135.204189,5.3483700000E+01,-2.7259400000E+01,209434,SWIRE3_J033352.72-271619.0,53.46968,-27.27195,2.03E-02,2.45E-02,24,25.07,0.80,24.43,0.84,0.93,CA0,0,16.87,0.60,13.17,0.47,0.60,CA0,0,null,null,null,null,null,null,null,null,null,null,null,null,null,null,null,null,null,null,null,null,null,null,null,null,null,null,null,null,null,null,null
2,64.762607,52.669632,5.3483700000E+01,-2.7259400000E+01,210652,SWIRE3_J033359.94-271454.5,53.49979,-27.24849,2.19E-02,2.42E-02,24,21.26,0.78,19.38,0.69,0.91,CA0,0,16.37,0.95,13.61,0.94,0.61,CA0,0,null,null,null,null,null,null,null,null,null,null,null,null,null,null,null,null,null,null,null,null,null,null,null,null,null,null,null,null,null,null,null
2,64.982286,-175.707768,5.3483700000E+01,-2.7259400000E+01,209152,SWIRE3_J033355.72-271638.6,53.48218,-27.27740,1.38E-02,1.48E-02,24,60.03,1.15,59.43,1.10,0.88,CA0,0,41.46,1.06,41.26,1.20,0.46,CA0,0,null,null,null,null,null,null,null,53.35,4.54,44.54,4.34,0.23,CA0,0,null,null,null,null,null,null,null,null,null,null,null,null,null,null,null,null,null
2,65.456477,162.181299,5.3483700000E+01,-2.7259400000E+01,209186,SWIRE3_J033357.59-271636.1,53.48996,-27.27671,2.08E-02,2.29E-02,24,25.94,0.83,23.56,0.92,0.92,CA2,0,19.19,0.87,17.16,1.01,0.75,CA0,0,null,null,null,null,null,null,null,null,null,null,null,null,null,null,null,null,null,null,null,null,null,null,null,null,null,null,null,null,null,null,null
2,69.379922,133.683756,5.3483700000E+01,-2.7259400000E+01,209388,SWIRE3_J033359.85-271621.7,53.49938,-27.27271,1.74E-02,2.13E-02,24,33.16,0.91,29.17,0.79,0.95,CA0,0,18.22,0.71,15.61,0.65,0.62,CA0,0,null,null,null,null,null,null,null,null,null,null,null,null,null,null,null,null,null,null,null,null,null,null,null,null,null,null,null,null,null,null,null
2,69.434611,16.111274,5.3483700000E+01,-2.7259400000E+01,211023,SWIRE3_J033357.53-271427.1,53.48972,-27.24087,2.76E-02,2.10E-02,24,16.77,0.73,17.64,0.82,0.86,CA0,0,17.85,0.97,14.45,0.83,0.67,CA0,0,null,null,null,null,null,null,null,null,null,null,null,null,null,null,null,null,null,null,null,null,null,null,null,null,null,null,null,null,null,null,null
2,69.702010,-126.589598,5.3483700000E+01,-2.7259400000E+01,209486,SWIRE3_J033351.89-271615.3,53.46621,-27.27094,1.21E-02,1.50E-02,24,110.59,1.25,133.17,1.32,0.33,CA3,1,76.25,0.80,89.35,0.93,0.61,CA3,0,51.94,3.96,64.58,5.65,0.02,CA0,0,31.69,2.63,15.96,1.85,0.35,CA2,0,null,null,null,null,null,null,null,null,null,null,null,null,null,null,null,null,null
2,69.971985,-155.668862,5.3483700000E+01,-2.7259400000E+01,209167,SWIRE3_J033353.92-271637.5,53.47469,-27.27711,9.36E-03,1.06E-02,24,109.72,1.49,99.13,1.24,0.98,CA0,0,72.98,1.32,64.59,1.17,0.98,CA0,0,null,null,null,null,null,null,null,45.58,4.65,30.57,3.50,0.48,CA0,0,null,null,null,null,null,null,null,null,null,null,null,null,null,null,null,null,null
2,71.014511,-100.638474,5.3483700000E+01,-2.7259400000E+01,209941,SWIRE3_J033350.85-271546.9,53.46189,-27.26304,2.92E-02,3.64E-02,24,7.82,0.43,7.70,0.49,0.53,CA0,0,10.35,0.58,10.72,0.69,0.45,CA0,0,null,null,null,null,null,null,null,null,null,null,null,null,null,null,-99.00,-99.00,-99.00,-99.00,-9.00,null,-99,null,null,null,null,null,null,null,null,null,null
2,71.074722,101.427650,5.3483700000E+01,-2.7259400000E+01,209913,SWIRE3_J033401.31-271547.9,53.50547,-27.26331,1.78E-02,1.80E-02,24,34.56,0.93,32.91,0.94,0.72,CA0,0,28.57,1.07,28.47,1.35,0.56,CA0,0,null,null,null,null,null,null,null,null,null,null,null,null,null,null,null,null,null,null,null,null,null,null,null,null,null,null,null,null,null,null,null
2,71.230980,-8.866143,5.3483700000E+01,-2.7259400000E+01,211080,SWIRE3_J033355.26-271423.4,53.48027,-27.23985,1.47E-02,1.59E-02,24,54.45,1.10,54.27,1.05,0.73,CA2,0,37.59,1.18,35.96,1.31,0.84,CA0,0,null,null,null,null,null,null,null,null,null,null,null,null,null,null,null,null,null,null,null,null,null,null,null,null,null,null,null,null,null,null,null
2,71.940559,-105.533660,5.3483700000E+01,-2.7259400000E+01,209837,SWIRE3_J033350.88-271553.0,53.46204,-27.26475,3.54E-02,4.25E-02,24,13.74,0.49,15.67,0.66,0.12,CA0,0,9.45,0.54,15.20,0.92,0.07,CA0,0,null,null,null,null,null,null,null,null,null,null,null,null,null,null,null,null,null,null,null,null,null,null,null,null,null,null,null,null,null,null,null
